0,IUPAC_name,official_name,aliases,designated_date_ja,pubchem_cid,inchi_key,effective_date,gazette_date,source_link
1,isobutyl nitrite,亜硝酸イソブチル,,平成19年2月28日,,,,,
2,isopropyl nitrite,亜硝酸イソプロピル,,平成19年2月28日,,,,,
3,isopentyl nitrite,亜硝酸イソペンチル,亜硝酸イソアミル,平成19年2月28日,,,,,
4,tert-butyl nitrite,亜硝酸三級ブチル; 亜硝酸ターシャリーブチル,,平成19年2月28日,,,,,
5,cyclohexyl nitrite,亜硝酸シクロヘキシル,,平成19年2月28日,,,,,
6,butyl nitrite,亜硝酸ブチル,,平成19年2月28日,,,,,
7,"(6aR,9R)-4-acetyl-N,N-diethyl-7-methyl-6,6a,8,9-tetrahydroindolo[4,3-fg]quinoline-9-carboxamide",ALD-52,1-Acetyl-LSD; 1A-LSD,令和2年2月28日,https://pubchem.ncbi.nlm.nih.gov/compound/201111,,,,
8,[3-[2-[methyl(propan-2-yl)amino]ethyl]-1H-indol-4-yl] acetate,4-AcO-MIPT,,平成27年3月25日,https://pubchem.ncbi.nlm.nih.gov/compound/46783587,,,,
9,[3-[2-[ethyl(methyl)amino]ethyl]-1H-indol-4-yl] acetate  ,4-AcO-MET,,平成27年7月29日,https://pubchem.ncbi.nlm.nih.gov/compound/71308138,,,,
10,[3-[2-[bis(prop-2-enyl)amino]ethyl]-1H-indol-4-yl] acetate,4-AcO-DALT,,平成27年7月29日,https://pubchem.ncbi.nlm.nih.gov/compound/119025857,,,,
11,[3-[2-[di(propan-2-yl)amino]ethyl]-1H-indol-4-yl] acetate ,4-AcO-DIPT,,平成19年2月28日,https://pubchem.ncbi.nlm.nih.gov/compound/24801868,,,,
12,"4-acetoxy-N,N-jiechirutoripu tamine",4-AcO-DET,4-Acetoxy-N-diethyltriptamine,平成27年7月29日,https://pubchem.ncbi.nlm.nih.gov/compound/24801867,,,,
13,"4-acetoxy-N,N-jimechirutoripu tamine",4-AcO-DMT,4-Acetoxy-N-dimethyltriptamine,平成27年7月29日,https://pubchem.ncbi.nlm.nih.gov/compound/24801867,,,,
14,N-(1-Adamantyl)-1-(5-chloropenthyl)-1H-indazole-3-carboxamide,APINACA N-(5-chloropentyl)誘導体,,平成28年4月8日,,,,,
15,N-(1-Adamantyl)-1-(cyclohexylmethyl)-1H-indazole-3-carboxamide,Adamantyl-CHMINACA,A-CHMINACA,令和3年10月21日,https://pubchem.ncbi.nlm.nih.gov/compound/137700313,,,,
16,N-(1-adamantyl)-1-(oxan-4-ylmethyl)indazole-3-carboxamide,Adamantyl-THPINACA,ATHPINACA; AD-THPINACA,平成29年2月24日,https://pubchem.ncbi.nlm.nih.gov/compound/123132009,,,,
17,N-(2-adamantyl)-1-(oxan-4-ylmethyl)indazole-3-carboxamide,Adamantyl-THPINACA 2- adamantyl 異性体,ATHPINACA 2-adamantyl 異性体,平成29年2月24日,,,,,
18,N-(1-Adamantyl)-1-(4-fuluoropentyl)indazole-3-carboxyamide,4F-ABINACA,4F-ABUTINACA,令和5年6月21日,,,,,
19,N-(1-adamantyl)-1-[(4-fluorophenyl)methyl]indazole-3-carboxamide ,FUB-APINACA,,平成26年12月26日,https://pubchem.ncbi.nlm.nih.gov/compound/118796517,,,,
20,N-(1-adamantyl)-1-(5-fluoropentyl)indole-3-carboxamide,STS-135,APICA N-(5-fluoropentyl) 誘導体,平成25年4月30日,https://pubchem.ncbi.nlm.nih.gov/compound/57404059,,,,
21,N-(1-adamantyl)-1-pentylindazole-3-carboxamide  ,AKB48,APINACA,平成24年6月1日,https://pubchem.ncbi.nlm.nih.gov/compound/57404063,,,,
22,1-adamantyl 1-pentylindazole-3-carboxylate ,ACBL(N)-018,APINAC; AKB57,平成29年12月19日,https://pubchem.ncbi.nlm.nih.gov/compound/129532609,,,,
23,1-adamantyl-(1-pentylindol-3-yl)methanone,AB-001,,平成25年4月30日,https://pubchem.ncbi.nlm.nih.gov/compound/57404070,,,,
24,N-(1-adamantyl)-1-pentylindole-3-carboxamide,APICA,2NE1,平成24年6月1日,https://pubchem.ncbi.nlm.nih.gov/compound/71308155,,,,
25,1-adamantyl-[1-[(1-methylpiperidin-2-yl)methyl]indol-3-yl]methanone,AM1248,,平成25年4月30日,https://pubchem.ncbi.nlm.nih.gov/compound/10293794,,,,
26,N-[(2S)-1-amino-1-oxo-3-phenylpropan-2-yl]-1-(cyclohexylmethyl)indazole-3-carboxamide,APP-CHMINACA,PX-3,平成28年8月24日,https://pubchem.ncbi.nlm.nih.gov/compound/44206137,,,,
27,N-[(2S)-1-amino-1-oxo-3-phenylpropan-2-yl]-1-butylindazole-3-carboxamide,APP-BUTINACA,APP-BINACA,令和4年12月16日,https://pubchem.ncbi.nlm.nih.gov/compound/154735174,,,,
28,N-(1-amino-1-oxo-3-phenylpropan-2-yl)-1-(5-fluorobenzyl)indazole-3-carboxamide ,FU-PX-2,,平成27年8月19日,,,,,
29,N-(1-amino-1-oxo-3-phenylpropan-2-yl)-1-(5-fluoropentyl)indazole-3-carboxamide ,PX-2,,平成26年11月18日,https://pubchem.ncbi.nlm.nih.gov/compound/139596415,,,,
30,N-(1-amineo-1-okiso-3-fe nirupuropan-2-iru)-1-(5-fu ruoropenchiru)-1H-indo-ru- 3-karubokisamido,PX-1,5F-APP-PICA,平成26年11月18日,https://pubchem.ncbi.nlm.nih.gov/compound/139593360,,,,
31,"N-(1-amino-3,3-dimethyl-1-oxobutan-2-yl)-1-(cyclohexylmethyl)indole-3-carboxamide  ",ADB-CHMICA,ADB-CHMINACA; ADB-CHMICA; MAB-CHMICA,平成31年2月19日,https://pubchem.ncbi.nlm.nih.gov/compound/132988665,,,,
32,"N-[1-amino-3,3-dimethyl-1-oxobutan-2-yl]-1-(5-fluoropentyl)indazole-3-carboxamide",5F-ADB-PINACA,,平成26年11月18日,https://pubchem.ncbi.nlm.nih.gov/compound/119026135,,,,
33,"N-[1-amino-3,3-dimethyl-1-oxobutan-2-yl]-1-(5-fluoropentyl)indole-3-carboxamide",5F-ADBICA,,平成27年1月30日,https://pubchem.ncbi.nlm.nih.gov/compound/118796421,,,,
34,"N-[1-amino-3,3-dimethyl-1-oxobutan-2-yl]-5-bromo-1-(1,1,2,2,3,3,4,4,4-nonadeuteriobutyl)indazole-3-carboxamide  ",ADB-5’Br-BUTINACA,,令和6年8月7日,https://pubchem.ncbi.nlm.nih.gov/compound/172873365,,,,
35,"N-(1-amino-3,3-dimethyl-1-oxobutan-2-yl)-5-bromo-1-pentylindazole-3-carboxamide",ADB-5’Br-PINACA,,令和6年11月6日,https://pubchem.ncbi.nlm.nih.gov/compound/168323135,,,,
36,"N-(1-amineo-3,3-jimechiru-1 -okisobutan-2-iru)-1-heki shiru-1H-indazo-ru-3-karubo kisamido",ADB-HEXINACA;  ADB-HINACA,,令和4年12月16日,,,,,
37,"N-(1-amineo-3,3-jimechiru-1 -okisobutan-2-iru)-1-ben jiru-1H-indazo-ru-3-karubo kisamido",ADB-BINACA,,令和5年8月31日,,,,,
38,"N-(1-amineo-3,3-jimechiru-1 -okisobutan-2-iru)-1-(pen ta-4-en-1-iru)-1H-inda zo-ru-3-karubokisamido",ADB-4en-PINACA,,令和5年10月26日,,,,,
39,"N-(1-amineo-3,3-jimechiru-1 -okisobutan-2-iru)-1-pen chiru-1H-indazo-ru-3-karubo kisamido",ADB-PINACA,,平成26年6月11日,,,,,
40,"N-(1-amineo-3,3-jimechiru-1 -okisobutan-2-iru)-1-pen chiru-1H-indo-ru-3-karuboki samido",ADBICA,,平成25年4月30日,,,,,
41,"2-amineo-1-(4-buromo-2,5-ji methoxyphenyl)etanon",bk-2C-B,,平成27年3月25日,,,,,
42,N-(1-amineo-3-mechiru-1-oki sobutan-2-iru)-1-(5-kuroro penchiru)-1H-indazo-ru-3- karubokisamido,5Cl-AB-PINACA,,平成26年10月29日,,,,,
43,N-(1-amineo-3-mechiru-1-oki sobutan-2-iru)-1-(2-furuo robenzylu)-1H-indazo-ru-3 -karubokisamido,AB-FUBINACA 2- fluorobenzyl isomer,,平成27年11月25日,,,,,
44,N-(1-amineo-3-mechiru-1-oki sobutan-2-iru)-1-(5-furuoro penchiru)-1H-indazo-ru-3-karubo kisamido,5-Fluoro-AB-PINACA,,平成26年6月11日,,,,,
45,N-(1-amineo-3-mechiru-1-oki sobutan-2-iru)-1-(5-furuo ropenchiru)-1H-indo-ru-3-ka rubokisamido,5-Fluoro-ABICA,,平成26年8月15日,,,,,
46,"2-(4-ariruokishi-3,5-jimeto kishiphenyl)etanamine 類",Allylescaline,,平成27年3月25日,,,,,
47,"7-ariru-N,N-jiechiru-4-(chi ofen-2-karuboniru)-4,6,6 a,7,8,9-hekisahidoroindoro[4, 3-fg]kinorin-9-karubokisamido及 びその salts",1T-AL-LAD,,令和7年7月3日,,,,,
48,"7-ariru-N,N-jiechiru-4,6,6 a,7,8,9-hekisahidoroindoro[4,3 -fg]kinorin-9-karubokisamido及び その salts",AL-LAD,,令和2年2月28日,,,,,
49,"7-ariru-4-(shikuropuropirukaru boniru)-N,N-jiechiru-4,6,6 a,7,8,9-hekisahidoroindoro[4, 3-fg]kinorin-9-karubokisamido及 びその salts",1cP-AL-LAD,,令和7年1月27日,,,,,
50,2-(isopropylamineo)-2-(3-meto kishiphenyl)shikurohekisanon及びそ の salts,Methoxisopropamine;  MXiPr,,令和4年12月16日,,,,,
51,"1-(4-isopropylsurufaniru- 2,5-jimethoxyphenyl)puropan-2 -amine",ALEPH-4,,平成23年4月14日,,,,,
52,N-isopropyl-N-mechirutoriputami n,MIPT,,平成19年2月28日,,,,,
53,N-isopropyl-5-methoxy-N-me chirutoriputamine,5-MeO-MIPT,,平成19年2月28日,,,,,
54,一酸化二窒素,亜酸化窒素;  Nitrous oxide,,平成28年2月18日,,,,,
55,indan-2-amine,2-AI,,平成19年12月12日,,,,,
56,1-(indan-5-iru)-2-(pirori jin-1-iru)butan-1-on及び その salts,α-PBP indane analog;  5-PPDI,,平成27年1月30日,,,,,
57,1-(indan-5-iru)-2-(pirori jin-1-iru)hekisan-1-on及 びその salts,α-PHP indane analog;  5-BPDI,,平成27年2月18日,,,,,
58,"(1H-indo-ru-3-iru)(2,2, 3,3-tetoramechirushikuropuropan-1 -iru)metanon",DP-UR-144,,平成26年9月19日,,,,,
59,1-(1H-indo-ru-5-iru)puro pan-2-amine,5-API;  5-IT,,平成24年12月17日,,,,,
60,2-(echiruamineo)-1-(indan-5 -iru)butan-1-on,bk-IBP,,平成27年1月30日,,,,,
61,2-(echiruamineo)-1-(indan-5 -iru)pentan-1-on 類,bk-IVP,,平成27年1月30日,,,,,
62,3-[1-(echiruamineo)shikurohekishi ru]feno-ru,3-HO-PCE,,令和元年12月17日,,,,,
63,2-(echiruamineo)-2-(chiofen- 2-iru)shikurohekisanon 類,チレタミン (Tiletamine),,平成29年2月24日,,,,,
64,2-(echiruamineo)-2-(3-hidoroki shiphenyl)shikurohekisanon,HXE; Hydroxetamine,,令和6年1月19日,,,,,
65,2-(echiruamineo)-2-phenylshiku rohekisanon,Deschloro-N-ethyl- ketamine;  Eticyclidone;  O-PCE;  2-Oxo-PCE,,平成30年8月22日,,,,,
66,2-(echiruamineo)-2-(2-furuoro phenyl)shikurohekisanon 類,2F-NENDCK;  2-fluoro-2-oxo-PCE,,令和7年1月27日,,,,,
67,2-(echiruamineo)-2-(3-furuoro phenyl)shikurohekisanon 類,FXE;  Fluorexetamine,,令和5年8月31日,,,,,
68,2-(echiruamineo)-2-(3-mechiru phenyl)shikurohekisanon 類,DMXE;  Deoxymethoxetamine;  3’-methyl-2-oxo-PCE;  3D-MXE,,令和4年6月28日,,,,,
69,N-echiru-N-isopropyl-5-me tokishitoriputamine,5-MeO-EIPT,,平成20年12月17日,,,,,
70,"N-echiru-1,2-jiphenylechiru amine",Ephenidine;  EPE;  NEDPA,,平成28年11月1日,,,,,
71,"echiru=3,3-jimechiru-2-(1-pe nchiru-1H-indazo-ru-3-karu bokisamido)butanoa-to",EDMB-PINACA,,令和6年1月19日,,,,,
72,"2-(4-echiru-2,5-jimethoxyfe niru)etanamine",2C-E,,平成19年2月28日,,,,,
73,"2-(4-echiru-2,5-jimethoxyfe niru)-N-(2-methoxybenzylu)e tanamine",25E-NBOMe,,平成27年5月22日,,,,,
74,"2-[(4-echiru-2,5-jimethoxy fenechiruamineo)mechiru]feno-ru及 びその salts",25E-NBOH,,平成30年12月19日,,,,,
75,"1-(4-echirusurufaniru-2,5- jimethoxyphenyl)puropan-2-ami n",ALEPH-2,,平成20年12月17日,,,,,
76,N-echiru-4-hidorokishi-N-puro pirutoriputamine,4-HO-EPT,,令和6年1月19日,,,,,
77,N-echiru-4-hidorokishi-N-mechi rutoriputamine,4-OH-MET,,平成27年3月25日,,,,,
78,echiru=1-(1-phenylechiru)-1 H-imidazo-ru-5-karubokishira- to,エトミデート(Etomidate),,令和7年5月16日,,,,,
79,1-(4-echiruphenyl)-N-(2-me tokishibenzylu)puropan-2-amine及 びその salts,4-EA-NBOMe,,平成29年12月19日,,,,,
80,echiru=2-(4-furuorophenyl)- 2-(piperijin-2-iru)asete-to,4-Fluoroethylphenidate,,令和3年3月15日,,,,,
81,N-echiru-1-(2-furuorofeni ru)puropan-2-amine,2-FEA;  2-fluoroethamphetamine,,平成31年2月19日,,,,,
82,N-echiru-1-(3-furuorofeni ru)puropan-2-amine,3-FEA;  3-fluoroethamphetamine,,平成30年11月14日,,,,,
83,N-echiru-1-(4-furuorofeni ru)puropan-2-amine,4-FEA;  4-fluoroethamphetamine,,平成30年11月14日,,,,,
84,3-echiru-2-(3-furuorofeni ru)moruforin,3F-Phenetrazine;  3-FPE,,平成29年8月29日,,,,,
85,echiru=2-[1-(4-furuorobenji ru)-1H-indazo-ru-3-karubo kisamido]-3-mechirubutanoa-to及び その salts,EMB-FUBINACA;  FUB-AEB,,平成28年8月24日,,,,,
86,"echiru=2-[1-(5-furuoropenchi ru)-1H-indazo-ru-3-karubo kisamido]-3,3-jimechirubutanoa-to",5F-EDMB-PINACA,,令和3年1月22日,,,,,
87,echiru=2-[1-(5-furuoropenchi ru)-1H-indazo-ru-3-karubo kisamido]-3-mechirubutanoa-to及び その salts,5F-AEB,,平成28年6月22日,,,,,
88,"echiru=2-[1-(5-furuoropenchi ru)-1H-indo-ru-3-karuboki samido]-3,3-jimechirubutanoa-to及 びその salts",5F-EDMB-PICA,,令和4年3月7日,,,,,
89,echiru=2-[1-(5-furuoropenchi ru) -1H-indo-ru-3-karuboki samido]-3-mechirubutanoa-to及びそ の salts,5F-EMB-PICA;  EMB-2201,,令和3年8月25日,,,,,
90,3-{2-[echiru(puropiru)amineo]echi ru}-1H-indo-ru-4-iru=a sete-to,4-AcO-EPT,,令和3年3月15日,,,,,
91,N-echiru-N-mechirutoriputamine及び その salts,MET;  Methyl ethyl tryptamine,,令和5年3月10日,,,,,
92,N-echiru-N-[2-(5-methoxy- 1H-indo-ru-3-iru)echiru]pu ropan-1-amine,5-MeO-EPT,,平成23年4月14日,,,,,
93,N-echiru-1-(3-methoxyfeni ru)shikurohekisan-1-amine及びそ の salts,3-MeO-PCE,,令和元年6月13日,,,,,
94,N-echiru-1-(4-methoxyfeni ru)puropan-2-amine,PMEA,,平成26年9月19日,,,,,
95,"2-(4-etokishi-3,5-jimethoxy phenyl)etanamine",Escaline,,平成28年12月21日,,,,,
96,"1-(4-etokishi-3,5-jimethoxy phenyl)puropan-2-amine及びそ の salts",3C-E,,平成27年3月25日,,,,,
97,2-(4-etokishibenzylu)-1-(e chiruamineo)echiru-5-nitorobenzui midazo-ru,N-Desethyl Etonitazene,,令和7年7月3日,,,,,
98,2-(4-etokishibenzylu)-1-(2- jiechiruamineo)echiru-5-mechiruben zuimidazo-ru,5-Methyl etodesnitazene Etomethazene,,令和7年10月29日,,,,,
99,"2-(1-okiso-1-phenylpuropan -2-iru)isoindorin-1,3-ji on",Phthalimidopropiophenone,,平成26年9月19日,,,,,
100,kinorin-8-iru=1-(shikurohekishi rumechiru)-1H-indo-ru-3-ka rubokishira-to,QUCHIC;  BB-22,,平成25年10月21日,,,,,
101,"kinorin-8-iru=3-[(4,4-jifu ruoropiperijin-1-iru)suruhoni ru]-4-mechirubenzoa-to",2F-QMPSB,,令和3年10月21日,,,,,
102,kinorin-8-iru=1-(4-furuoro benzylu)-1H-indazo-ru-3- karubokishira-to,FUB-NPB-22,,平成27年2月18日,,,,,
103,kinorin-8-iru=1-(4-furuoro benzylu)-1H-indo-ru-3-ka rubokishira-to,FUB-PB-22,,平成26年6月11日,,,,,
104,kinorin-8-iru=1-(5-furuoro penchiru)-1H-indazo-ru-3- karubokishira-to,5-Fluoro-NPB-22,,平成26年8月15日,,,,,
105,kinorin-8-iru=1-penchiru-1 H-indazo-ru-3-karubokishira- to,NPB-22,,平成30年12月19日,,,,,
106,kinorin-8-iru=1-penchiru(1H -indo-ru)-3-karubokishira-to,QUPIC;  PB-22,,平成25年4月30日,,,,,
107,5-kuroro-3-echiru-N-[4-(pi perijin-1-iru)fenechiru]-1H -indo-ru-2-karubokisamido及び その salts,Org27569,,平成27年3月25日,,,,,
108,"2-(4-kuroro-2,5-jimethoxyfe niru)etanamine",2C-C,,平成19年2月28日,,,,,
109,"2-(4-kuroro-2,5-jimethoxyfe niru)-N-(3,4,5-torimethoxybe njiru)etanamine",30C-NBOMe,,平成27年5月22日,,,,,
110,"2-(4-kuroro-2,5-jimethoxyfe niru)-N-(2-furuorobenzylu)e tanamine",25C-NBF,,平成26年9月19日,,,,,
111,"2-[(4-kuroro-2,5-jimethoxy fenechiruamineo)mechiru]feno-ru及 びその salts",25C-NBOH,,平成27年6月24日,,,,,
112,1-(4-kurorophenyl)puropan-2 -amine,4Cl-AMP,,平成26年8月15日,,,,,
113,2-(2-kurorophenyl)-1-(1-pe nchiru-1H-indo-ru-3-iru) etanon,JWH-203,,平成23年9月20日,,,,,
114,N-(4-kurorophenyl)-2-mechiru -N-(1-fenechirupiperijin-4- iru)puropanamido,4Cl-iBF;  p-CIBF,,平成30年2月28日,,,,,
115,1-(4-kurorophenyl)-N-mechiru puropan-2-amine,4-CMA;  p-CMA,,平成29年6月21日,,,,,
116,2-(3-kurorophenyl)-3-mechiru moruforin,3-CPM;  3-Chlorophenmetrazine,,令和5年6月21日,,,,,
117,sarubinorinA,,,平成19年2月28日,,,,,
118,"1-(4-shianobuchiru)-N-(2-fe nirupuropan-2-iru)-1H-piro ro[2,3-b]pirijin-3-karuboki samido",CUMYL-4CN-B7AICA,,令和元年6月13日,,,,,
119,"N,N-jiisopropyltoriputamine及び その salts",DIPT,,平成19年2月28日,,,,,
120,1-(2-jiechiruamineo)echiru-2- (4-furuorobenzylu)-5-nitorobe nzuimidazo-ru,Flunitazene;  Fluonitazene,,令和6年11月6日,,,,,
121,1-(2-jiechiruamineo)echiru-2- (4-methoxybenzylu)benzuimida zo-ru,"Metodesnitazene,  Metazene",,令和6年11月6日,,,,,
122,"3-jiechiruamineo-2,2-jimechirupu ropiru=4-amineobenzoa-to及びそ の salts",Dimethocaine,,平成27年5月22日,,,,,
123,"N,N-jiechiru-7-echiru-4,6, 6a,7,8,9-hekisahidoroindoro[4, 3-fg]kinorin-9-karubokisamido及 びその salts",ETH-LAD,,令和2年2月28日,,,,,
124,"N,N-jiechiru-4-hidorokishitoripu tamine",4-OH DET,,平成25年4月30日,,,,,
125,"N,N-jiechiru-7-mechiru-4-(chi ofen-2-karuboniru)-4,6,6 a,7,8,9-hekisahidoroindoro[4, 3-fg]kinorin-9-karubokisamido及 びその salts",1T-LSD,,令和6年5月1日,,,,,
126,"N,N-jiechiru-7-mechiru-4-[3 -(torimechirushiriru)puropanoiru]- 4,6,6a,7,8,9-hekisahidoroin doro[4,3-fg]kinorin-9-karuboki samido",1S-LSD,,令和7年3月5日,,,,,
127,"N,N-jiechiru-7-mechiru-4-pu ropioniru-4,6,6a,7,8,9-he kisahidoroindoro[4,3-fg]kinorin -9-karubokisamido",1P-LSD,,平成28年4月8日,,,,,
128,"N,N-jiechiru-7-mechiru-4-pe ntanoiru-4,6,6a,7,8,9-heki sahidoroindoro[4,3-fg]kinorin- 9-karubokisamido",1V-LSD,,令和5年3月10日,,,,,
129,"N,N-jiechiru-5-methoxytoriputa min",5-MeO-DET,,平成19年2月28日,,,,,
130,1-(shikurobuchirumechiru)-N-(2- phenylpuropan-2-iru)-1H-i ndazo-ru-3-karubokisamido及びそ の salts,CUMYL-CBMINACA,,令和4年8月30日,,,,,
131,1-(shikurobuchirumechiru)-N-(2- phenylpuropan-2-iru)-1H-i ndo-ru-3-karubokisamido,CUMYL-CBMICA,,令和4年6月28日,,,,,
132,"4-(shikuropuropirukaruboniru)-N, N-jiechiru-7-mechiru-4,6,6a, 7,8,9-hekisahidoroindoro[4,3- fg]kinorin-9-karubokisamido及びそ の salts",1cP-LSD,,令和3年1月22日,,,,,
133,"4-(shikuropuropirukaruboniru)-N- mechiru-N-(puropan-2-iru)-7 -mechiru-4,6,6a,7,8,9-heki sahidoroindoro[4,3-fg]kinorin- 9-karubokisamido",1cP-MiPLA,,令和7年1月27日,,,,,
134,"2-(cyclohexylamineo)-1-(3, 4-mechirenjiokishiphenyl)butan- 1-on",N-Cyclohexylbutylone;  Cybutylone,,令和5年10月26日,,,,,
135,"2-cyclohexylamineo-1-(3,4 -mechirenjiokishiphenyl)puropan -1-on",Cyputylone N-Cyclohexylmethylone,,令和7年7月3日,,,,,
136,2-cyclohexyl-1-phenyl-2 -(pirorijin-1-iru)etan-1- on,α-PCYP,,令和3年8月25日,,,,,
137,2-[1-(cyclohexylmechiru)-1H -indazo-ru-3-karubokisamido] -3-mechirubutan酸,CHMINACA-BA,,平成26年9月19日,,,,,
138,[1-(cyclohexylmechiru)-1H- indo-ru-3-iru](nafutaren-1 -iru)metanon,NE-CHMIMO;  JWH-018 cyclohexylmethyl derivative,,令和元年11月14日,,,,,
139,[1-(cyclohexylmechiru)-1H- indo-ru-3-iru](4-methoxyna futaren-1-iru)metanon 類,CHM-081(JWH-081 cyclohexylmethyl derivative),,令和2年8月26日,,,,,
140,"5-(cyclohexylmechiru)-2-(2 -phenylpuropan-2-iru)-2,5 -jihidoro-1H-pirido[4,3-b]in do-ru-1-on",CUMYL-CH-MEGACLONE,,令和4年1月19日,,,,,
141,"1-(2,3-jikurorophenyl)piperaji n","2, 3-DCPP",,平成25年4月30日,,,,,
142,"2-(3,4-jikurorophenyl)-2- (piperijin-2-iru) acetatemechiruesu teru","3, 4-Dichloromethylphenidate",,平成26年3月6日,,,,,
143,"4-(3,4-jikurorophenyl)-7-me tokishi-2-mechiru-1,2,3,4-teto rahidoroisokinorin",Diclofensine,,平成26年8月15日,,,,,
144,"1-(2,3-jihidorobenzofuran-5- iru)-2-(pirorijin-1-iru)pe ntan-1-on",5-DBFPV,,平成26年11月18日,,,,,
145,"1-(2,3-jihidorobenzofuran-5- iru)puropan-2-amine 類",5-APDB,,平成26年3月6日,,,,,
146,"1-(2,3-jihidorobenzofuran-6- iru)puropan-2-amine 類",6-APDB,,平成27年9月16日,,,,,
147,"1-(2,3-jihidorobenzofuran-5- iru)-N-mechirupuropan-2-ami n",5-MAPDB,,平成27年11月25日,,,,,
148,"1,2-jiphenyl-2-(pirorijin- 1-iru)etan-1-on 類",α-D2PV;  A-D2PV,,令和4年3月7日,,,,,
149,jiphenyl(pirorijin-2-iru)meta no-ru,Diphenylprolinol;  D2PM,,平成21年10月21日,,,,,
150,2-(jiphenylmechiru)piperijin及び その salts,2-DPMP;  Desoxypipradrol,,平成28年4月8日,,,,,
151,2-(jiphenylmechiru)pirorijin及び その salts,Desoxy-D2PM,,平成25年4月30日,,,,,
152,"1-[(2,2-jifuruorobenzo[d][1, 3]jiokiso-ru-5-iru)mechiru]pi perajin",DF-MDBP,,平成27年12月15日,,,,,
153,"N,N-jipuropirutoriputamine",DPT,,平成19年2月28日,,,,,
154,"(2,4-jimechiruazechijin-1-i ru)-(7-mechiru-4,6,6a,7,8,9 -hekisahidoroindoro[4,3-fg]kino rin-9-iru)metanon",LSZ;  LA-SS-Az,,令和4年8月30日,,,,,
155,2-[(jimechiruamineo)mechiru]-1-(3 -hidorokishiphenyl)shikurohekisano- ru,O-Desmethyltramadol;  O-DSMT,,平成28年11月1日,,,,,
156,"N′-(1,1-jimechiruetokishikarubo niru)-N,N-jimechirutoriputamine及 びその salts",NBoc-DMT NB-DMT,,令和7年8月29日,,,,,
157,"1-(3,4-jimechiruphenyl)-2- (echiruamineo)butan-1-on及びそ の salts","3, 4-Dimethyl-NEB;  3, 4-Dimethyl-α- ethylaminobutiophenone",,平成27年1月30日,,,,,
158,"1-(3,4-jimechiruphenyl)-2- (echiruamineo)pentan-1-on及び その salts","3, 4-Dimethyl-α- ethylaminopentiophenone",,平成27年1月30日,,,,,
159,"1-(3,4-jimechiruphenyl)-2- (pirorijin-1-iru)pentan-1- on","3, 4-Dimethyl-α-PVP",,平成27年3月25日,,,,,
160,"2-[2,5-jimethoxy-4-(torifuru oromechiru)phenyl]etanamine及び その salts",2C-TFM,,平成29年10月31日,,,,,
161,"2-(2,5-jimethoxy-4-nitorofe niru)etanamine",2C-N,,平成26年6月11日,,,,,
162,"1-(2,5-jimethoxy-4-nitorofe niru)puropan-2-amine 類",DON,,平成22年8月25日,,,,,
163,"2-(2,5-jimethoxyphenyl)etan amine",2C-H,,平成26年9月19日,,,,,
164,"1-(3,4-jimethoxyphenyl)-2- (echiruamineo)pentan-1-on及び その salts",DL-4662,,平成26年8月15日,,,,,
165,"1-(3,4-jimethoxyphenyl)-2- (pirorijin-1-iru)hekisan-1- on","3, 4-Dimethoxy-α-PHP",,平成26年11月18日,,,,,
166,"1-(3,4-jimethoxyphenyl)-2- (pirorijin-1-iru)pentan-1- on","3, 4-Dimethoxy-α-PVP",,平成26年3月6日,,,,,
167,"1-(3,4-jimethoxyphenyl)-2- (mechiruamineo)puropan-1-on及び その salts","3, 4-Dimethoxymethcathinone",,平成28年6月22日,,,,,
168,"2-(2,5-jimethoxyphenyl)-N- (2-methoxybenzylu)etanamine及 びその salts",25H-NBOMe,,平成26年3月6日,,,,,
169,"2-(2,5-jimethoxy-4-puropiru phenyl)etanamine",2C-P,,平成27年3月25日,,,,,
170,"1-(3,5-jimethoxy-4-puropoki shiphenyl)puropan-2-amine及び その salts",3C-P,,平成30年2月28日,,,,,
171,"2-(2,5-jimethoxy-4-mechirufe niru)etanamine",2C-D,,平成28年1月21日,,,,,
172,"2-(2,5-jimethoxy-4-mechirufe niru)-2-methoxyetanamine及びそ の salts",BOD (β-METHOXY-2C-D),,令和2年8月26日,,,,,
173,"{1-[(tetrahydropiran-4-iru)me chiru]-1H-indo-ru-3-iru} (2,2,3,3-tetoramechirushikuropuro pan-1-iru)metanon",A-834735,,平成25年6月28日,,,,,
174,"(2,2,3,3-tetoramechirushikuropuro pan-1-iru)[1-(4,4,4-torifu ruorobuchiru)-1H-indo-ru-3 -iru]metanon",XLR-12,,平成26年6月11日,,,,,
175,"2-(2,4,5-torikuroro-3,6-jime tokishiphenyl)etanamine 類",2C-C-3,,平成22年8月25日,,,,,
176,"1-(2,4,6-torimethoxyphenyl)pu ropan-2-amine",TMA-6,,平成19年2月28日,,,,,
177,2-(nafutaren-2-iru)-2-(pi perijin-2-iru) acetateechiruesute ru,Ethylnaphthidate;  HDEP-28,,平成28年6月22日,,,,,
178,2-(nafutaren-2-iru)-2-(pi perijin-2-iru) acetatemechiruesute ru,Methylnaphthidate;  HDMP-28,,平成27年11月25日,,,,,
179,1-(nafutaren-2-iru)-2-(piro rijin-1-iru)pentan-1-on,Naphyrone,,平成23年9月20日,,,,,
180,nafutaren-1-iru=1-(4-furuo robenzylu)-1H-indo-ru-3-ka rubokishira-to,FDU-PB-22,,平成26年8月15日,,,,,
181,nafutaren-1-iru=1-(5-furuo ropenchiru)-1H-indazo-ru-3 -karubokishira-to,5-Fluoro-SDB-005,,平成26年8月15日,,,,,
182,N-(nafutaren-1-iru)-1-(5- furuoropenchiru)-1H-indo-ru -3-karubokisamido,5F-NNE1,,平成25年10月21日,,,,,
183,nafutaren-1-iru=1-(5-furuo ropenchiru)-1H-indo-ru-3-ka rubokishira-to,NM2201,,平成26年10月29日,,,,,
184,nafutaren-1-iru(1-penchiru-1 H-indazo-ru-3-iru)metanon及 びその salts,THJ-018;  JWH-018 indazole analog,,平成26年8月15日,,,,,
185,N-(nafutaren-1-iru)-1-pen chiru-1H-indazo-ru-3-karubo kisamido,NNE1 indazole analog;  MN-18,,平成26年3月6日,,,,,
186,nafutaren-1-iru=1-penchiru- 1H-indazo-ru-3-karubokishi ra-to,SDB-005,,平成26年10月29日,,,,,
187,N-(nafutaren-1-iru)-1-pen chiru-1H-indo-ru-3-karuboki samido,NNE1;  MN-24,,平成25年10月21日,,,,,
188,nafutaren-1-iru[4-(penchiruo kishi)nafutaren-1-iru]metanon及 びその salts,CB-13,,平成24年6月1日,,,,,
189,nafutaren-1-iru(9-penchiru-9 H-karubazo-ru-3-iru)metanon,EG-018,,平成26年10月29日,,,,,
190,nafutaren-1-iru(1-penchiru-1 H-piro-ru-3-iru)metanon及び その salts,JWH-030,,平成25年4月30日,,,,,
191,nafutaren-1-iru(1-penchiru-5 -phenyl-1H-piro-ru-3-i ru)metanon,JWH-145,,平成27年3月25日,,,,,
192,N-(nafutaren-1-iru)-1-pen chiru-N-(1-penchiru-1H-in do-ru-3-karuboniru)-1H-in do-ru-3-karubokisamido 類,BiPICANA,,平成26年8月15日,,,,,
193,2-{[bisu(4-furuorophenyl)mechi ru]surufiniru}asetoamido,Bisfluoromodafinil,,平成28年3月9日,,,,,
194,2-{[bisu(4-furuorophenyl)mechi ru]surufiniru}-N-mechiruasetoa mido,"Modafiendz;  N-Methyl-4, 4-difluoro- modafinil",,平成28年1月21日,,,,,
195,4-hidorokishi-N-isopropyl-N -mechirutoriputamine,4-OH-MIPT,,平成27年3月25日,,,,,
196,"4-hidorokishi-N,N-jiisopropyl toriputamine",4-OH-DIPT,,平成19年2月28日,,,,,
197,N-{1-[2-hidorokishi-2-(chio fen-2-iru)echiru]piぺrijin- 4-iru}-N-phenylpuropanamido,β-hydroxythiofentanyl,,令和3年6月17日,,,,,
198,"(1RS,3SR)-3-[2-hidorokishi- 4-(2-mechiruokutan-2-iru) phenyl]shikurohekisan-1-o-ru","CP-47, 497",,平成21年10月21日,,,,,
199,3-[1-(piperijin-1-iru)shikuro hekishiru]feno-ru,3-HO-PCP;  3-OH-PCP;  3-hydroxy-PCP;  PCP-3-OH,,平成30年12月19日,,,,,
200,2-(pirorijin-1-iru)-1-(chi ofen-2-iru)butan-1-on及 びその salts,α-PBT,,平成26年9月19日,,,,,
201,2-(pirorijin-1-iru)-1-(chi ofen-2-iru)pentan-1-on,α-PVT,,平成25年4月30日,,,,,
202,"2-(pirorijin-1-iru)-1-(5, 6,7,8-tetrahydronafutaren-2- iru)pentan-1-on",TH-PVP,,平成27年12月15日,,,,,
203,2-phenyl-2-(piperijin-2-i ru) acetateisopropylesuteru,Isopropylphenidate,,平成27年11月25日,,,,,
204,1-phenyl-2-(piperijin-1-i ru)butan-1-on,α-PBP piperidine analog,,平成26年3月6日,,,,,
205,N-(2-phenylpuropan-2-iru) -1-[(tetrahydro-2H-piran-4 -iru)mechiru]-1H-indazo-ru- 3-karubokisamido,CUMYL-THPINACA,,平成28年3月9日,,,,,
206,1-(1-phenylpentan-2-iru) pirorijin,Prolintane,,平成27年2月18日,,,,,
207,N-(1-fenechirupiperijin-4-i ru)-N-phenylisobutylamido及び その salts,Isobutyrylfentanyl,,令和2年8月26日,,,,,
208,N-(1-fenechirupiperijin-4-i ru)-N-phenylshikuropentankarubo kisamido,Cyclopentylfentanyl,,令和元年8月29日,,,,,
209,"4-butanoiru-N,N-jiechiru-7 -mechiru-4,6,6a,7,8,9-heki sahidoroindoro[4,3-fg]kinorin- 9-karubokisamido",1B-LSD,,令和2年8月26日,,,,,
210,2-(buchiruamineo)-1-(4-kuroro phenyl)puropan-1-on,4-Chloro-N-butylcathinone,,令和元年12月17日,,,,,
211,"2-(buchiruamineo)-1-(3,4-mechi renjiokishiphenyl)butan-1-on",N-Butyl butylone,,令和5年8月31日,,,,,
212,"2-(buchiruamineo)-1-(3,4-mechi renjiokishiphenyl)pentan-1- on",N-Butylpentylone,,令和2年2月28日,,,,,
213,1-buchiru-N-(2-phenylpuropa n-2-iru)-1H-indo-ru-3- karubokisamido,CUMYL-BICA,,平成28年2月10日,,,,,
214,N-{1-[2-(furan-2-iru)echi ru]piぺrijin-4-iru}-N-feni rupuropanamido,Furanylethylfentanyl (FUEF),,令和2年8月26日,,,,,
215,1-(4-furuorophenyl)-2-(iso puropiruamineo)pentan-1-on及び その salts,4F-IPV;  4-Fluoro-NPP,,平成26年12月26日,,,,,
216,1-[1-(3-furuorophenyl)shikuro hekishiru]piperijin,3F-PCP(3-Fluoro-PCP),,令和3年3月15日,,,,,
217,1-(4-furuorophenyl)piperajin,4FPP,,平成21年10月21日,,,,,
218,2-(4-furuorophenyl)-2-(pi perijin-2-iru) acetatemechiruesute ru,4-Fluoromethylphenidate;  4-FMPH;  4F-MPH,,平成29年10月31日,,,,,
219,1-(4-furuorophenyl)-2-(pi perijin-1-iru)pentan-1-on,4-Fluoro-α-PVP piperidine analog,,平成27年1月30日,,,,,
220,N-(4-furuorophenyl)-N-(1- fenechirupiperijin-4-iru)furan -2-karubokisamido,4F-Furanylfentanyl;  para-Fluorofuranylfentanyl,,令和5年3月10日,,,,,
221,1-(2-furuorophenyl)puropan- 2-amine,2FMP;  2-Fluoroamphetamine;  2F-AMP,,平成26年12月26日,,,,,
222,1-(3-furuorophenyl)puropan- 2-amine,3FMP;  3-Fluoroamphetamine;  3F-AMP,,平成27年1月30日,,,,,
223,[5-(2-furuorophenyl)-1-pe nchiru-1H-piro-ru-3-iru](na futaren-1-iru)metanon 類,JWH-307,,平成25年4月30日,,,,,
224,[5-(3-furuorophenyl)-1-pe nchiru-1H-piro-ru-3-iru](na futaren-1-iru)metanon 類,JWH-368,,平成27年3月25日,,,,,
225,"5-(4-furuorophenyl)-4-mechi ru-4,5-jihidorookisazo-ru-2 -amine",4F-4-MAR 4-fluoro-4-Methylaminorex para-fluoro-4-methylaminorex 4F-MAR 4-FPO,,令和7年8月29日,,,,,
226,1-(2-furuorophenyl)-N-mechi rupuropan-2-amine,N-Methyl-2-FMP;  2-FMA,,平成22年8月25日,,,,,
227,1-(3-furuorophenyl)-N-mechi rupuropan-2-amine,3-Fluoromethamphetamine;  3-FMA,,平成25年6月28日,,,,,
228,1-(4-furuorophenyl)-N-mechi rupuropan-2-amine,N-Methyl-4-FMP;  4-Fluoromethamphetamine,,平成20年12月17日,,,,,
229,2-(2-furuorophenyl)-3-mechi rumoruforin,2-FPM;  2-Fluorophenmetrazine,,平成29年2月24日,,,,,
230,2-(3-furuorophenyl)-3-mechi rumoruforin,3-Fluorophenmetrazine;  3-FPM,,平成27年11月25日,,,,,
231,2-(4-furuorophenyl)-3-mechi rumoruforin,4-Fluorophenmetrazine;  4-FPM,,平成28年3月9日,,,,,
232,"[1-(4-furuorobenzylu)-1H-i ndo-ru-3-iru](2,2,3,3-teto ramechirushikuropuropiru)metanon及びそ の salts",FUB-144,,平成26年8月15日,,,,,
233,[1-(4-furuorobenzylu)-1H- indo-ru-3-iru](nafutaren-1 -iru)metanon,FUB-JWH-018,,平成27年11月25日,,,,,
234,1-(4-furuorobenzylu)-N-(na futaren-1-iru)-1H-indo-ru -3-karubokisamido,FDU-NNE1,,平成27年6月24日,,,,,
235,"N-(2-furuorobenzylu)-2-(4 -yo-do-2,5-jimethoxyphenyl) etanamine",25I-NBF,,平成27年5月22日,,,,,
236,[1-(5-furuoropenchiru)-1H-i ndazo-ru-3-iru](nafutaren-1 -iru)metanon,THJ-2201,,平成26年8月15日,,,,,
237,[1-(5-furuoropenchiru)-1H-i ndo-ru-3-iru](pirijin-3-i ru)metanon,5-Fluoropentyl-3- pyridinoylindole,,平成25年4月30日,,,,,
238,[1-(5-furuoropenchiru)-1H- indo-ru-3-iru](2-yo-dofe niru)metanon,AM694,,平成23年9月20日,,,,,
239,1-(5-furuoropenchiru)-N-(na futaren-1-iru)-1H-indazo- ru-3-karubokisamido,5-Fluoro-MN-18;  5-Fluoro-NNE1 indazole analog,,平成26年6月11日,,,,,
240,1-(5-furuoropenchiru)-N-fe niru-1H-indo-ru-3-karuboki samido,LTI-701,,平成29年8月29日,,,,,
241,1-(5-furuoropenchiru)-N-(2 -phenylpuropan-2-iru)-1H -indazo-ru-3-karubokisamido及 びその salts,CUMYL-5F-PINACA,,平成27年8月19日,,,,,
242,1-(5-furuoropenchiru)-N-(2 -phenylpuropan-2-iru)-1H -indo-ru-3-karubokisamido及び その salts,CUMYL-5F-PICA,,平成27年8月19日,,,,,
243,"5-(5-furuoropenchiru)-2-(2 -phenylpuropan-2-iru)-2,5 -jihidoro-1H-pirido[4,3-b]in do-ru-1-on",5FーCUMYL-PEGACLONE;  5FーSGT-151,,令和元年8月29日,,,,,
244,"1-(5-furuoropenchiru)-N-(2 -phenylpuropan-2-iru)-1H -piroro[2,3-b]pirijin-3-karu bokisamido",CUMYL-5F-P7AICA,,平成28年2月10日,,,,,
245,[1-(5-furuoropenchiru)-1H- benzo[d]imidazo-ru-2-iru](nafu taren-1-iru)metanon 類,FUBIMINA;  AM2201 benzimidazole analog,,平成26年8月15日,,,,,
246,1-(4-furuoro-3-mechirufeni ru)-2-(pirorijin-1-iru)pen tan-1-on,4-fluoro-3-methyl-α-PVP;  MFPVP,,令和4年8月30日,,,,,
247,"4-puropanoiruokishi-N,N-jime chirutoriputamine",4-PrO-DMT,,令和7年10月29日,,,,,
248,"2-(4-buromo-2,5-jimethoxyfe niru)-N-(2-furuorobenzylu)e tanamine",25B-NBF,,平成26年9月19日,,,,,
249,"2-[(4-buromo-2,5-jimethoxy fenechiruamineo)mechiru]feno-ru及 びその salts",25B-NBOH;  2C-B-NBOH;  NBOH-2C-B,,平成29年12月19日,,,,,
250,"2-(8-buromo-2,3,6,7-tetorahi dorobenzo[1,2-b:4,5-b’]jifura n-4-iru)etanamine 類",2C-B-FLY,,平成28年2月10日,,,,,
251,"1-(8-buromobenzo[1,2-b:4,5 -b’]jifuran-4-iru)puropan-2 -amine",Bromo-DragonFLY,,平成27年8月19日,,,,,
252,"3-hepuchiru-6a,7,8,9,10,10a -hekisahidoro-1-methoxy-6,6, 9-torimechiru-6H-jibenzo[b,d] piran",HHCPM; O-methyl-HHCP;  Hexahydrocannabiphorol methyl ether,,令和6年8月7日,,,,,
253,"2-benzyluamineo-1-(3,4-mechire njiokishiphenyl)puropan-1-o n",BMDP,,平成24年10月17日,,,,,
254,4-benzylupiperijin,,,平成27年2月18日,,,,,
255,N-benzylu-1-(5-furuoropen chiru)-1H-indo-ru-3-karubo kisamido,5F-SDB-006,,平成27年3月25日,,,,,
256,N-benzylu-1-penchiru-1H-i ndo-ru-3-karubokisamido,SDB-006,,平成26年9月19日,,,,,
257,1-benzylu-4-mechirupiperajin及 びその salts,MBZP,,平成19年2月28日,,,,,
258,"4-benzoiru-N,N-jiechiru-7 -mechiru-4,6,6a,7,8,9-heki sahidoroindoro[4,3-fg]kinorin- 9-karubokisamido",1Bz-LSD,,令和7年8月29日,,,,,
259,1-[1-(benzo[b]chiofen-2- iru)cyclohexyl]piperijin及びそ の salts,Benocyclidine; BTCP,,令和3年10月21日,,,,,
260,1-(benzofuran-2-iru)-N-e chirupuropan-2-amine 類,2-EAPB,,平成27年1月30日,,,,,
261,1-(benzofuran-4-iru)-N-e chirupuropan-2-amine 類,4-EAPB,,令和元年11月14日,,,,,
262,1-(benzofuran-5-iru)-N-e chirupuropan-2-amine 類,5-EAPB,,平成26年12月26日,,,,,
263,1-(benzofuran-6-iru)-N-e chirupuropan-2-amine 類,6-EAPB,,令和元年11月14日,,,,,
264,1-(benzofuran-2-iru)puropan -2-amine,2-APB,,平成27年2月18日,,,,,
265,1-(benzofuran-5-iru)puropan -2-amine,5-APB,,平成27年9月16日,,,,,
266,1-(benzofuran-6-iru)puropan -2-amine,6-APB,,平成24年12月17日,,,,,
267,1-(benzofuran-2-iru)-N-me chirupuropan-2-amine 類,2-MAPB,,平成26年8月15日,,,,,
268,1-(benzofuran-5-iru)-N-me chirupuropan-2-amine 類,5-MAPB,,平成26年8月15日,,,,,
269,1-penchiru-N-(kinorin-8-i ru)-1H-indazo-ru-3-karubo kisamido,THJ,,平成28年6月22日,,,,,
270,1-penchiru-N-(2-phenylpuro pan-2-iru)-1H-indazo-ru -3-karubokisamido,CUMYL-PINACA,,平成27年8月19日,,,,,
271,1-penchiru-N-(2-phenylpuro pan-2-iru)-1H-indo-ru-3 -karubokisamido,CUMYL-PICA,,平成27年8月19日,,,,,
272,[1-(1-mechiruazepan-3-iru) -1H-indo-ru-3-iru](nafuta ren-1-iru)metanon,AM1220 アゼパン異性体;  AM1220 azepan isomer,,平成26年8月15日,,,,,
273,"2-(mechiruamineo)-1-(3,4-jimechi ruphenyl)puropan-1-on及びそ の salts","3, 4-Dimethylmethcathinone",,平成24年6月1日,,,,,
274,2-(mechiruamineo)-1-(chiofen- 2-iru)puropan-1-on,2-Thiothinone;  βk-MPA,,令和3年8月25日,,,,,
275,2-(mechiruamineo)-2-phenylshikuro hekisanon,Deschloroketamine;  DXE;  DCK,,平成29年6月21日,,,,,
276,"2-[(mechiruamineo)mechiru]-3,4-ji hidoronafutaren-1(2H)-on及びそ の salts",Mephtetramine,,平成27年9月16日,,,,,
277,N-mechiruindan-2-amine及びそ の salts,N-methyl-2-AI,,平成26年3月6日,,,,,
278,"(E)-mechiru=2-[(2S,3S,7aS, 12bS)-3-echiru-7a-hidorokishi -8-methoxy-1,2,3,4,6,7,7 a,12b-okutahidoroindoro[2,3- a]kinorijin-2-iru]-3-methoxy akurira-to",7-Hydroxymitragynine;  7a-Hydroxy-7H-mitragynine,,平成28年3月9日,,,,,
279,"(E)-mechiru=2-[(2S,3S,12b S)-3-echiru-8-methoxy-1,2, 3,4,6,7,12,12b-okutahidoroi ndoro[2,3-a]kinorijin-2-iru] -3-methoxyakurira-to 類",Mitragynine,,平成28年3月9日,,,,,
280,"mechiru=2-[1-(cyclohexylmechi ru)-1H-indazo-ru-3-karubo kisamido]-3,3-jimechirubutanoa-to",MDMB-CHMINACA,,平成26年12月26日,,,,,
281,mechiru=2-[1-(cyclohexylmechi ru)-1H-indazo-ru-3-karubo kisamido]-3-mechirubutanoa-to及び その salts,MA-CHMINACA,,平成26年12月26日,,,,,
282,mechiru=2-[1-(cyclohexylmechi ru)-1H-indo-ru-3-karuboki samido]-3-mechirubutanoa-to及びそ の salts,AMB-CHMICA,,平成28年12月21日,,,,,
283,"mechiru=3-(3,4-jikurorophenyl) -8-mechiru-8-azabishikuro[3. 2.1]okutan-2-karubokishira-to",RTI-111;  Dichloropane;  O-401,,平成29年2月24日,,,,,
284,N-mechiru-1-(nafutaren-2-i ru)puropan-2-amine,Methamnetamine,,平成27年9月16日,,,,,
285,(4-mechirupiperajin-1-iru)(1- penchiru-1H-indo-ru-3-i ru)metanon,MEPIRAPIM,,平成26年10月29日,,,,,
286,{1-[(1-mechirupiperijin-2-i ru)mechiru]-1H-indo-ru-3-i ru}(nafutaren-1-iru)metanon及び その salts,AM1220,,平成24年6月1日,,,,,
287,1-[1-(3-mechiruphenyl)shikurohe kishiru]pirorijin,3-Me-PCPy;  3-Methyl rolicyclidine,,令和5年3月10日,,,,,
288,2-(4-mechiruphenyl)-2-(piperi jin-2-iru) acetatemechiruesuteru及 びその salts,4-Methylmethylphenidate,,平成28年6月22日,,,,,
289,N-(2-mechiruphenyl)-N-(1- fenechirupiperijin-4-iru)puro panamido,ortho-Methylfentanyl o-Methylfentanyl,,令和7年10月29日,,,,,
290,1-(4-mechiruphenyl)puropan-2 -amine,4-Methylamphetamine,,平成24年10月17日,,,,,
291,"mechiru(1―phenylpuropan―2―i ru)karubamine酸1,1―jimechiruechiru",t-BOC-Methamphetamine,,平成29年12月19日,,,,,
292,2-(2-mechiruphenyl)-1-(1-pe nchiru-1H-indo-ru-3-iru) etan-1-on,JWH-251,,平成23年4月14日,,,,,
293,1-[(3-mechiruphenyl)mechiru]piperaji n,1-(3-Methylbenzyl)piperazine,,平成26年6月11日,,,,,
294,1-(3-mechiruphenyl)-N-mechiru puropan-2-amine,3-MMA;  3-Methylmethamphetamine,,令和5年10月26日,,,,,
295,"mechiru=2-[1-(4-furuorobuchi ru)-1H-indo-ru-3-karuboki samido]-3,3-jimechirubutanoa-to及 びその salts",4F-MDMB-BICA;  4F-MDMB-BUTICA,,令和3年6月17日,,,,,
296,"mechiru=2-[1-(4-furuorobenji ru)-1H-indazo-ru-3-karubo kisamido]-3,3-jimechirubutanoa-to",MDMB-FUBINACA;  FUB-ADB,,平成27年2月18日,,,,,
297,"mechiru=2―[1―(4-furuorobenji ru)―1H―indo-ru―3―karuboki samido]―3,3―jimechirubutanoa-to及 びその salts",MDMB-FUBICA,,平成28年6月22日,,,,,
298,mechiru=2―[1―(4―furuorobenji ru)―1H―indo-ru―3―karuboki samido]―3―mechirubutanoa-to及びそ の salts,AMB-FUBICA;  MMB-FUBICA,,令和3年1月22日,,,,,
299,mechiru=2-[1-(5-furuoropenchi ru)-1H-indo-ru-3-karuboki samido]-3-phenylpuropanoa-to及 びその salts,MPHP-2201,,令和元年12月17日,,,,,
300,mechiru=2-[1-(5-furuoropenchi ru)-1H-indo-ru-3-karuboki samido]-3-mechirubutanoa-to及びそ の salts,MMB2201;  5-Fluoro-AMB indole analog,,平成26年8月15日,,,,,
301,"mechiru=2-[1-(5-furuoropenchi ru)-1H-piroro[2,3-b]pirijin -3-karubokisamido]-3,3-jimechi rubutanoa-to",5F-MDMB-P7AICA,,令和4年1月19日,,,,,
302,"N-mechiru-N-(puropan-2-iru) -7-mechiru-4,6,6a,7,8,9- hekisahidoroindoro[4,3-fg]kinori n-9-karubokisamido",MiPLA;  MIPLA;  N-Methyl-N-isopropyl lysergamide,,令和6年3月6日,,,,,
303,N-mechiru-N-puropirutoriputamine及 びその salts,MPT,,令和7年3月5日,,,,,
304,N-mechiru-1-(5-mechiruchiofen -2-iru)puropan-2-amine及び その salts,Mephedrene;  5-MMPA,,令和4年12月16日,,,,,
305,3-mechiru-2-(4-mechiruphenyl) moruforin,Mephenmetrazine,,平成27年11月25日,,,,,
306,mechiru=3-mechiru-2-[1-(penta -4-en-1-iru)-1H-indo- ru-3-karubokisamido]butanoa-to及 びその salts,MMB-022;  AMB-4en-PICA;  MMB-4en-PICA,,令和3年1月22日,,,,,
307,mechiru=3-mechiru-2-(1-penchi ru-1H-indazo-ru-3-karuboki samido)butanoa-to,AMB,,平成26年10月29日,,,,,
308,"4-mechiru-1-(3,4-mechirenjio kishiphenyl)-2-(pirorijin-1- iru)pentan-1-on",MD-PiHP;  MD-PHiP,,令和6年11月6日,,,,,
309,"N-mechiru-4-(3,4-mechirenjio kishiphenyl)butan-2-amine及びそ の salts",HMDMA,,平成19年2月28日,,,,,
310,"3-mechiru-2-(3,4-mechirenjio kishiphenyl)moruforin 類","3, 4-MDPM; 3-MDPM; 3, 4- Methylenedioxyphenmetrazine",,令和6年8月7日,,,,,
311,"5,6-mechirenjiokishiindan-2- amine",MDAI,,平成25年4月30日,,,,,
312,"1-(3,4-mechirenjiokishiphenyl) butan-2-amine",BDB,,平成19年2月28日,,,,,
313,"1-(3,4-mechirenjiokishiphenyl) puropan-2-iru(mechiru)karubamine 酸1,1-jimechiruechiru","t-BOC-3, 4-MDMA",,平成29年12月19日,,,,,
314,"1-(3,4-mechirenjiokishiphenyl) -2-(puropiruamineo)butan-1-o n",N-Propylbutylone;  Putylone;  bk-PBDB,,令和6年3月6日,,,,,
315,"1-(3,4-mechirenjiokishibenji ru)piperajin",MDBP,,平成19年12月12日,,,,,
316,1-(5-methoxy-1H-indo-ru- 3-iru)puropan-2-amine及びそ の salts,5-MeO-AMT,,平成19年2月28日,,,,,
317,"(Z)-N-[3-(2-methoxyechiru) -4,5-jimechiruchiazo-ru-2(3H) -iriden]-2,2,3,3-tetoramechi rushikuropuropankarubokisamido及びそ の salts",A-836339,,平成26年3月6日,,,,,
318,"5-methoxy-N,N-jipuropirutoripu tamine",5-MeO-DPT,,平成19年2月28日,,,,,
319,"1-methoxy-3,3-jimechiru-1-o kisobutan-2-iru=1-(shikurohe kishirumechiru)-1H-indazo-ru- 3-karubokishira-to",MO-CHMINACA,,平成28年1月21日,,,,,
320,"5-methoxy-N,N-jimechirutoriputami n",5-MeO-DMT,,平成19年2月28日,,,,,
321,1-[1-(4-methoxyphenyl)shikuro hekishiru]piperijin,4-MeO-PCP,,平成26年9月19日,,,,,
322,4-[1-(3-methoxyphenyl)shikuro hekishiru]moruforin,3-MeO-PCMo,,平成27年12月15日,,,,,
323,1-(4-methoxyphenyl)piperajin,4MPP;  4-MeOPP,,平成19年2月28日,,,,,
324,1-[1-(2-methoxyphenyl)-2- phenylechiru]piperijin 類,2-MeO-diphenidine;  Methoxphenidine,,平成26年9月19日,,,,,
325,N-(4-methoxyphenyl)-N-(1- fenechirupiperijin-4-iru)butan amido,4-Methoxybutyrfentanyl;  p-Methoxybutyrylfentanyl;  4-MeO-BF;  p-MeO-BF,,平成31年2月19日,,,,,
326,2-(3-methoxyphenyl)-2-(puro piruamineo)shikurohekisanon,Methoxpropamine;  MXPr;  3-MeO-2’-oxo-PCPr,,令和4年3月7日,,,,,
327,2-(2-methoxyphenyl)-1-(1- penchiru-1H-indo-ru-3-i ru)etanon,JWH-250,,平成22年8月25日,,,,,
328,(2-methoxyphenyl)(1-penchiru- 1H-indo-ru-3-iru)metanon及 びその salts,RCS-4 オルト異性体,,平成24年10月17日,,,,,
329,(4-methoxyphenyl)(1-penchiru- 1H-indo-ru-3-iru)metanon及 びその salts,RCS-4,,平成23年9月20日,,,,,
330,2-(3-methoxyphenyl)-2-(mechi ruamineo)shikurohekisanon 類,Methoxmetamine;  MMXE,,平成28年2月10日,,,,,
331,2-(2-methoxyphenyl)-1-{1- [(1-mechirupiperijin-2-iru)mechi ru]-1H-indo-ru-3-iru}eta non,Cannabipiperidiethanone,,平成24年6月1日,,,,,
332,"3-[2-(2-methoxybenzyluamineo) echiru]kinazorin-2,4(1H,3H) -jion",RH-34,,平成27年5月22日,,,,,
333,"N-(2-methoxybenzylu)-2-(2, 5-jimethoxy-4-mechiruphenyl)e tanamine",25D-NBOMe,,平成27年3月25日,,,,,
334,N-(2-methoxybenzylu)-N-mechi ru-1-(4-mechiruphenyl)puropan -2-amine,4-MMA-NBOMe,,平成30年2月28日,,,,,
335,3-methoxy-2-(mechiruamineo)-1- (4-mechiruphenyl)puropan-1-o n,Mexedrone;  4-MMC-OMe,,平成28年8月24日,,,,,
336,"5-methoxy-2-mechiru-N,N-jime chirutoriputamine",5-MeO-2-TMT,,平成27年5月22日,,,,,
337,"1-(2-methoxy-4,5-mechirenjio kishiphenyl)puropan-2-amine及 びその salts",MMDA-2,,平成19年2月28日,,,,,
338,"1-(2-methoxy-4,5-mechirenjio kishiphenyl)-2-(mechiruamineo)puro pan-1-on","2-Methoxy-4, 5- methylenedioxy methcathinone",,平成27年3月25日,,,,,
339,[1-(2-moruforinoechiru)-1H- indo-ru-3-iru](nafutaren-1 -iru)metanon,JWH-200,,平成23年4月14日,,,,,
340,5-yo-doindan-2-amine及びそ の salts,5-IAI,,平成24年12月17日,,,,,
341,"1-(4-yo-do-2,5-jimethoxyfe niru)puropan-2-amine 類",DOI,,平成19年12月12日,,,,,
342,"2-(4-yo-do-2,5-jimethoxyfe niru)-N-(3,4-mechirenjiokishi benzylu)etanamine",25I-NB34MD,,平成27年6月24日,,,,,
343,"2-[(4-yo-do-2,5-jimethoxy fenechiruamineo)mechiru]feno-ru及 びその salts",25I-NBOH,,平成30年6月20日,,,,,
344,(2-yo-do-5-nitorophenyl){1- [(1-mechirupiperijin-2-iru)mechi ru]-1H-indo-ru-3-iru}metano n,AM1241,,平成25年4月30日,,,,,
345,(2-yo-dophenyl)(1-penchiru-1 H-indo-ru-3-iru)metanon及び その salts,AM679,,平成24年10月17日,,,,,
346,(2-yo-dophenyl)[1-(1-mechirua zepan-3-iru)-1H-indo-ru -3-iru]metanon,AM2233 アゼパン異性体;  AM2233 azepan isomer,,平成26年8月15日,,,,,
347,(2-yo-dophenyl){1-[(1-mechiru piperijin-2-iru)mechiru]-1H- indo-ru-3-iru}metanon,AM2233,,平成24年6月1日,,,,,
348,(4-echirunafutaren-1-iru) (1-penchiru-1H-indo-ru-3 -iru)metanon,JWH-210,,平成23年9月20日,,,,,
349,(4-echirunafutaren-1-iru) (2-mechiru-1-penchiru-1H-i ndo-ru-3-iru)metanon,JWH-213,,平成24年12月17日,,,,,
350,(4-kuroronafutaren-1-iru) (1-penchiru-1H-indo-ru-3 -iru)metanon,JWH-398,,平成24年10月17日,,,,,
351,nafutaren-1-iru[1-(pento-4 -en-1-iru)-1H-indo-ru -3-iru]metanon,JWH-022,,平成24年6月1日,,,,,
352,5-[3-(1-nafutoiru)-1H-i ndo-ru-1-iru]pentannitoriru及 びその salts,AM2232,,平成24年10月17日,,,,,
353,(1-hekishiru-1H-indo-ru-3 -iru)(nafutaren-1-iru)meta non,JWH-019,,平成23年9月20日,,,,,
354,(1-penchiru-1H-indo-ru-3 -iru)(4-puropirunafutaren-1 -iru)metanon,JWH-182,,平成24年10月17日,,,,,
355,(4-mechirunafutaren-1-iru)[1 -(pento-4-en-1-iru)-1 H-indo-ru-3-iru]metanon及び その salts,JWH-122 N-(4-pentenyl)誘 導体,,平成24年10月17日,,,,,
356,2-(echiruamineo)-1-phenylbutan -1-on,N-Ethylbuphedrone;  NEB,,平成25年4月30日,,,,,
357,1-(4-echiruphenyl)-2-(mechiru amineo)puropan-1-on,4-Ethylmethcathinone,,平成24年12月17日,,,,,
358,2-(jimechiruamineo)-1-(4-mechiru phenyl)butan-1-on,4-Methyl-N- methylbuphedrone,,平成25年4月30日,,,,,
359,"2-(jimechiruamineo)-1-(3, 4-mechire njiokishiphenyl)puropan-1-on",bk-MDDMA,,平成25年4月30日,,,,,
360,1-phenyl-2-(pirorijin-1-i ru)butan-1-on,α-PBP,,平成25年4月30日,,,,,
361,1-(3-furuorophenyl)-2-(mechi ruamineo)puropan-1-on 類,3-Fluoromethcathinone;  3-FMC,,平成23年4月14日,,,,,
362,1-(4-furuorophenyl)-2-(mechi ruamineo)puropan-1-on 類,4-Fluoromethcathinone;  4-FMC,,平成23年9月20日,,,,,
363,1-(4-buromophenyl)-2-(mechirua mino)puropan-1-on,Brephedrone;  4-Bromomethcathinone,,平成25年4月30日,,,,,
364,2-(mechiruamineo)-1-phenylbutan- 1-on,Buphedrone,,平成24年10月17日,,,,,
365,2-(mechiruamineo)-1-(4-mechirufe niru)butan-1-on,4-Methylbuphedrone,,平成25年4月30日,,,,,
366,"2-mechiruamineo-1-(3,4-mechirenji okishiphenyl)butan-1-on及びそ の salts",bk-MBDB;  Butylone,,平成19年12月12日,,,,,
367,"2-(mechiruamineo)-1-(3, 4-mechiren jiokishiphenyl)pentan-1-on及 びその salts",Pentylone,,平成25年4月30日,,,,,
368,1-(4-mechiruphenyl)-2-(piroriji n-1-iru)puropan-1-on及びそ の salts,デスエチルピロバレロン;  4-MePPP,,平成24年10月17日,,,,,
369,"1-(3, 4-mechirenjiokishiphenyl)- 2-(pirorijin-1-iru)butan-1- on",MDPBP,,平成24年10月17日,,,,,
370,"1-(3, 4-mechirenjiokishiphenyl)- 2-(pirorijin-1-iru)puropan-1 -on",MDPPP,,平成25年6月28日,,,,,
371,1-(4-methoxyphenyl)-2-(jimechi ruamineo)puropan-1-on 類,"4-Methoxy-N, N- dimethylcathinone;  N-Methylmethedrone",,平成25年4月30日,,,,,
372,1-(4-methoxyphenyl)-2-(pirori jin-1-iru)pentan-1-on及び その salts,4-MeO-α-PVP,,平成25年10月21日,,,,,
373,1-(4-methoxyphenyl)-2-(mechiru amineo)puropan-1-on,4-Methoxymethcathinone;  Methedrone,,平成23年4月14日,,,,,
374,2-echiruamineo-1-(4-mechiru phenyl)hekisan-1-on及びそ の salts,-,,平成27年3月25日,,,,,
375,1-phenyl-2-(pirorijin-1-iru) okutan-1-on,α-POP;  PV9,,平成26年3月6日,,,,,
376,1-phenyl-2-(pirorijin-1- iru)nonan-1-on,α-PNP;  PV10,,平成26年11月18日,,,,,
377,1-phenyl-2-(pirorijin-1- iru)heputan-1-on 類,α-PHPP;  PV8,,平成25年10月21日,,,,,
378,1-(4-furuorophenyl)-2-(piro rijin-1-iru)okutan-1-on及 びその salts,4-Fluoro-α-POP,,平成27年1月30日,,,,,
379,1-(4-furuorophenyl)-2- (pirorijin-1-iru)heputan-1 -on,4-Fluoro-α-PHPP,,平成26年9月19日,,,,,
380,"3-hekishiru-6a,7,8,10a-tetrahydro -6,6,9-torimechiru-6H-jibenzo[b, d]piran-1-o-ru",Δ9-THCH; THCH,,令和5年7月25日,,,,,
381,"3-hekishiru-6a,7,10,10a-tetorahido ro-6,6,9-torimechiru-6H-jibenzo [b,d]piran-1-o-ru",Δ8-THCH; THCH,,令和5年7月25日,,,,,
382,"3-hepuchiru-6a,7,8,10a-tetrahydro -6,6,9-torimechiru-6H-jibenzo[b, d]piran-1-o-ru",Δ9-THCP;  THC-Heptyl,,令和4年3月7日,,,,,
383,"6a,7,8,9,10,10a-hekisahidoro- 6,6,9-torimechiru-3-penchiru-6H -jibenzo[b,d]piran-1-o-ru及び その salts",Hexahydrocannabinol;  HHC,,令和4年3月7日 令和7年10月3日麻薬,,,,,
384,"3-hekishiru-6a,7,8,9,10,10a- hekisahidoro-6,6,9-torimechiru-6H -jibenzo[b,d]piran-1-o-ru及び その salts",HHCH; HHC-H;  Hexahydrocannabihexol,,令和5年11月22日,,,,,
385,"6a,7,8,10a-tetrahydro-6,6,9-to rimechiru-3-penchiru-6H-jibenzo[b, d]piran-1-iru=asete-to 類",Δ9-THCO;  THC-O;  THCO;  THC-O-acetate,,令和5年3月10日 令和6年8月30日麻薬,,,,,
386,"6a,7,10,10a-tetrahydro-6,6,9- torimechiru-3-penchiru-6H-jibenzo [b,d]piran-1-iru=asete-to及びそ の salts",Δ8-THCO;  THC-O;  THCO;  THC-O-acetate,,令和5年3月10日 令和6年11月20日麻薬,,,,,
387,"6a,7,8,9,10,10a-hekisahidoro-6, 6,9-torimechiru-3-penchiru-6H-jibe nzo[b,d]piran-1-iru=asete-to及 びその salts",HHCO;  HHC-O;  HHC-O-acetate,,令和5年3月10日,,,,,